ID,Team,First Name,Last Name,Weight
60658,Baltimore,Jeffrey,Jesse,296
60112,Denver,Chad,Bruce,240
65814,Carolina,Aaron,Stokes,271
55336,Las Vegas,Nelson,Garcia,311
65081,LA Chargers,Ramon,Diaz,299
45264,Miami,David,Genter,186
61428,Pittsburgh,Robert,Berry,301
53362,FA,Rob,Downing,185
65743,Kansas City,Daniel,Elswick,190
65069,Philadelphia,Leonard,Vaughn,199
69994,Seattle,Brandon,Schroeder,242
56824,Denver,Anthony,Helton,278
60741,Kansas City,Benedict,Deluna,173
65208,Pittsburgh,Krzysztof,Leatherman,295
51009,Washington,Jeffrey,Leon,189
70306,Dallas,Michael,Cox,184
60135,Denver,Peter,London,224
60420,Denver,Derek,Dixon,289
69992,LA Chargers,Richard,Maguire,174
65410,LA Rams,Anthony,Larry,189
55373,Miami,Dean,Hammonds,217
70113,Minnesota,Herman,Knott,302
66383,New England,Roosevelt,Penn,304
60287,Miami,Jamie,Ramirez,234
65266,Carolina,Raul,Hallett,280
70022,Carolina,Jon,Mendenhall,289
60115,Green Bay,Oscar,Martinez,280
60310,LA Chargers,Miguel,Aguilera,227
60376,Miami,Kenny,White,192
61738,Miami,Jose,Sola,281
65367,Minnesota,Neil,Henry,287
60502,Dallas,Christopher,Lee,187
61031,Detroit,David,Sparacino,294
55291,Jacksonville,Jeffery,Amend,268
56136,Miami,William,Redman,197
60489,Miami,Damon,Lucas,257
55219,Philadelphia,Gilberto,Silva,218
60834,Pittsburgh,Vaughn,Johnson,292
60191,San Francisco,Joseph,Bordewyk,301
60245,Tampa Bay,William,Chittum,310
65368,Cleveland,Bao,Sultana,305
60124,Dallas,Kevin,Escobar,306
65089,Denver,Andrew,Rahi,239
65398,Detroit,Bradley,Crook,293
65468,Detroit,Young,Pascual,291
56186,Indianapolis,Mark,Bishop,307
51956,Kansas City,David,Chop,203
60146,Las Vegas,James,Blanck,171
55522,Seattle,Jeremiah,West,232
70222,Carolina,Bradley,Mcpherson,296
70267,Carolina,Alton,Bradfield,234
65080,Cincinnati,John,Alfred,287
65465,Denver,Daniel,Astudillo,307
70215,Green Bay,Roy,Cali,264
65127,Kansas City,Jeffrey,Theriot,286
60448,LA Chargers,Jesus,Gonzalez,290
70314,LA Chargers,Edwin,Garcia,191
69978,Minnesota,Christian,Sinnock,221
69998,New England,Rodney,Labell,245
55198,NY Jets,David,Mcneal,297
65456,NY Jets,Javier,Barber,296
61579,Philadelphia,Randy,Harrell,290
70279,Seattle,Daniel,Mendoza,185
60128,Washington,Randy,Espino,188
70038,Buffalo,Alvin,Annan,185
31,Chicago,Jehu,Ginn,242
70324,Dallas,Jorge,Mendez,197
60117,Green Bay,Robert,Smith,301
21,Houston,Elijhaa,Rader,295
65157,Jacksonville,Barry,Madruga,195
56599,Miami,Russell,Craw,229
70183,Minnesota,Mark,Killough,289
15074,New Orleans,Christian,Barraclough,284
70331,Seattle,Luis,Cruz,291
65581,FA,Edwin,Carter,205
61271,FA,Jose,Gomezrodriguez,207
60588,Atlanta,Karl,Rosania,233
46626,Buffalo,Ron,Cubbage,296
60516,Buffalo,Donald,Kelly,217
60125,Carolina,Paul,Caruso,287
65706,Carolina,Russell,Barnes,189
66936,Carolina,Michael,Barrera,301
71200,Carolina,George,Lovejoy,189
50663,Chicago,Orlando,Deberry,282
282,Dallas,Amara,Rodriguez,195
56920,Dallas,Miguel,Robertson,288
60329,Dallas,Eric,Simon,288
73300,Dallas,Steven,Othon,228
65179,Green Bay,Phillip,Wilcox,245
26,Las Vegas,Andrew,Richards,217
65271,Las Vegas,Sean,Duell,288
40505,LA Rams,Philip,Avila,234
16092,Minnesota,Randy,Tuioti-Mariner,197
61559,NY Jets,Daniel,Mousseau,305
55409,Washington,William,Greer,287
60199,Washington,Karl,Ogles,232
70030,Washington,Jerome,Morrison,228
40241,FA,Aaron,Pool,212
60470,FA,Elliott,Grossman,295
55918,FA,Robert,Anderson,289
70720,Carolina,Patrick,Whitaker,286
70724,Chicago,William,Ruhl,286
56972,Cleveland,Robert,Davis,192
69988,Dallas,Michael,Dewitt,239
65418,Denver,Russell,Garban,301
70372,Detroit,Randall,Hansen,206
61609,Green Bay,Manish,Watson,202
67924,Las Vegas,Mark,Tran,289
69989,LA Rams,Richard,Davidson,227
60616,Miami,Joseph,Kolodny,296
70546,Miami,Arthur,Mejia,295
65460,Minnesota,Kyle,Schneider,292
15284,NY Jets,Will,Huber,220
423,NY Giants,Matt,Bass,207
51693,Seattle,Jacob,Kerns,296
61243,Tampa Bay,Peter,Smith,293
70637,Tampa Bay,Anthony,Stovall,221
61377,Washington,Jorge,Ledezma,282
60449,Atlanta,Gregory,Williams,183
337,Cleveland,Kolton,Hayes,189
65219,Cleveland,Dennis,Matsui,290
55370,Houston,Walter,Arrasmith,283
290,Jacksonville,Quincy,Wile,302
56804,Kansas City,Mohan,Gupta,291
60872,Las Vegas,Nicholas,Sarno,243
71818,Las Vegas,Alan,Rutherford,186
60291,LA Rams,Daryl,Lee,210
71234,Miami,Lawrence,Sanders,173
55531,New Orleans,Paul,Munford,240
68504,Pittsburgh,James,Klasky,175
4997,San Francisco,Rubby,Stewart,308
1,Washington,Angel,Loe,299
55217,Washington,David,Cunningham,237
4988,Baltimore,Don,Scott,238
70004,Carolina,Brian,Johnson,195
60130,Denver,Craig,Parrish,291
60145,Detroit,Huey,Ashe,186
46863,Jacksonville,James,Rivera,224
71032,LA Rams,Thomas,Odom,196
419,New Orleans,Michael,Dyson,245
50445,New Orleans,Mark,Sharkey,291
29,Philadelphia,Mark,Soto,242
25,Pittsburgh,Alex,Williams III,189
1817,Seattle,Christian,Carter,233
5257,Seattle,Alejandro,Rua,279
68260,Washington,Jose,Garcia,181
64830,FA,Cecilio,Fuentes,212
67052,Atlanta,Bryan,Thompson,229
349,Baltimore,Matt,Perez,194
50122,LA Rams,Kerry,Slomba,240
70256,Buffalo,Daniel,Schlabach,196
71003,Buffalo,Hugo,Hernandez,174
28,Carolina,Dekoda,Link,225
60367,Carolina,Samuel,Frazier,183
70204,Carolina,Kenneth,Eggleston,295
57296,Chicago,Allen,Althoff,286
73467,Chicago,Rafael,Caceres,185
62369,Cincinnati,David,Eck,291
67873,Dallas,Steven,Sarratt,299
65234,Denver,Raymond,Stelly,163
68463,Detroit,Byung,Yuen,280
5001,Green Bay,Ramik,Phelps,230
67276,Green Bay,Paul,Tompkins,191
70689,Green Bay,George,Shumaker,287
70659,Houston,Robert,Garcia,291
65441,Jacksonville,Lawrence,Carnes,261
65300,Kansas City,Jan,Miller,196
55541,LA Rams,Scott,Baldwin,192
70053,Miami,Bruce,Utesch,275
63333,New England,Daniel,Rojas,292
5297,NY Giants,Richard,Plutko,302
56868,Philadelphia,Michael,Cuevas,303
70430,Pittsburgh,Louis,Chittenden,293
62249,Seattle,Gary,Wheeler,311
55856,Tampa Bay,Brian,Yokum,291
162,Washington,Steven,Humphries,301
50828,Washington,James,Kiger,249
45476,FA,Jessie,Noel,211
66674,FA,Robert,Cook,208
62527,FA,Glenn,Setzer,281
65877,Atlanta,Todd,Brumlow,286
71151,Atlanta,Rigoberto,Juarez,287
71333,Baltimore,Dale,Murphy,183
387,Buffalo,Yusei,Asencio,229
19,Kansas City,Luis,Van Slyke,245
1083,Carolina,Adam,Ijalana,190
168,Cincinnati,Jevoni,Rosenberg,245
67223,Cincinnati,Taylor,Selby,197
71292,Cincinnati,Manuel,Bonilla,192
62534,Cleveland,Patrick,Brown,188
70117,Dallas,Antonio,Arellano,168
71400,Dallas,Jason,Smothers,187
55368,Green Bay,Leon,Payne,279
65249,Green Bay,Myron,Everett,205
4998,Houston,Austin,Bledsoe,188
62233,Jacksonville,Juan,Zuniga,298
145,Kansas City,Bruce,Puello,195
5062,Kansas City,Noah,Prater,286
65078,LA Chargers,Alan,Laurent,196
67215,Miami,Raul,Macey,281
70407,Miami,Joe,Mejia,286
65074,New Orleans,Arthur,Medrano,197
66526,NY Jets,Richard,Kalisch,229
5116,Pittsburgh,Jeimer,Valera,294
70822,Pittsburgh,Frederic,Green,316
249,San Francisco,Carlos,Ramos,190
142,Seattle,Godwin,Johnson,195
65042,Seattle,Steven,Stec,286
70221,Seattle,Brett,Link,299
3,Tennessee,Tommy,Marimon,243
65197,FA,Wayne,Reimer,216
70147,FA,Michael,Price,229
65503,FA,Juan,Colchado,296
45200,FA,Haim,Costa,301
60466,FA,Juan,Vega,178
5009,Baltimore,Andrew,Jones,189
285,Buffalo,Marquez,Allen,297
441,Pittsburgh,Devontae,McKinney,239
60134,Carolina,Andrzej,Harris,190
62507,Carolina,Hung,Min,181
62523,Carolina,Antonio,Frank,203
51216,Chicago,Gerald,Lewis,219
60722,Chicago,Jason,Gregory,247
15474,Cleveland,Blake,LaFell,300
55472,Denver,Keith,Remy,198
5222,Detroit,Jacob,Carlin,193
66874,Detroit,Thomas,Bullock,173
676,Green Bay,Junior,Ogbah,176
60285,Green Bay,Joseph,Garibay,202
71342,Green Bay,Tony,Hershberger,296
274,Houston,Matt,Brown,196
5193,Houston,Ramon,Fry,193
9999,Houston,Ruben,Shazier,290
55420,Jacksonville,Kirk,Ridley,246
69984,Jacksonville,Hue,Khan,197
71066,Jacksonville,Norberto,Zavala,283
587,Las Vegas,Josh,Holloway,280
5381,Las Vegas,Brett,Zunino,222
68434,Las Vegas,Sylvester,White,282
317,LA Chargers,Rey,Easton,240
345,LA Chargers,Diego,Johnson,295
71270,LA Chargers,Jason,Odrain,197
23,LA Rams,Ramon,Newton,190
5002,Minnesota,Marcus,Sirles,295
328,New Orleans,Duane,DePaula,293
205,NY Jets,Patrick,Viola,241
12,Philadelphia,Ryan,Reininger,214
66376,Philadelphia,Myron,Collins,277
51507,Seattle,Terrence,Hoffman,180
68114,Seattle,Marty,Ferguson,300
5234,Tennessee,Sergio,Collins,195
15253,Washington,JaVale,Ni,195
67604,Washington,Ronnie,Ritter,193
71280,FA,Fernando,Barrera,199
70198,FA,Joseph,Little,251
70109,FA,Jose,Melero,175
61818,FA,Fernando,Owens,187
33,FA,Ryan,Johnson,220
63211,FA,Ramon,Veloz,192
67776,Atlanta,Marco,Everett,286
70284,Atlanta,Adrian,Goerner,192
412,Baltimore,Steven,Labissiere,198
70662,Jacksonville,Jaime,Perez,233
5012,Chicago,Jackson,Freitas,196
55239,Chicago,Calvin,Preston,199
70268,Las Vegas,Wayne,Brooks,236
60991,Cincinnati,Richard,Farris,289
62772,Cincinnati,Jonathan,Osborne,246
70234,Cleveland,Christopher,Rogers,235
15286,Detroit,Tremaine,Craig,217
50516,Detroit,Scott,Bianchi,292
421,Green Bay,Trey,McMillan,178
61512,Green Bay,Richard,Campos,276
321,Houston,Mike,Turner,184
10009,Houston,Travis,Knebel,224
70385,Houston,Michael,Rogers,186
10122,Indianapolis,Mitchell,Reynolds,205
66149,Indianapolis,Jaime,Hernandez,287
15313,Jacksonville,Jake,Bolden,176
5198,Kansas City,Chris,Butera,306
70174,Kansas City,Wei,Bao,187
70577,Kansas City,Michael,Walker,184
60136,Las Vegas,Timothy,Monahan,188
70128,Las Vegas,John,Mitchell,294
1430,LA Chargers,Rasul,Miller,187
61201,LA Rams,William,Poku,283
53,Miami,Jeremy,Moreland,186
65551,New England,Robert,Briggs,189
60812,New Orleans,Francis,Barmore,194
70562,New Orleans,Douglas,Decker,301
64676,NY Giants,Roger,Wnek,287
55600,Pittsburgh,Robert,Morris,240
66129,San Francisco,Charles,Williams,276
70082,San Francisco,Wilfredo,Aguirre,183
57680,Seattle,Matthew,Walker,180
209,Tampa Bay,Luis,Wong,189
60927,Washington,Darren,Willard,282
70123,FA,Brian,Holder,219
71248,FA,Kenneth,Beguhl,294
70942,FA,Andres,Garcia,295
61290,FA,Anthony,Rizzi,231
67105,FA,Luis,Gracia,300
61234,FA,Rodney,Fells,300
41718,FA,David,Buchheit,291
71540,Arizona,Timothy,Gurganus,298
24,Atlanta,Rashaan,Lyons,227
67797,Atlanta,Sergio,Resendiz,194
69993,Atlanta,Rafael,Rosario,175
71813,Atlanta,Paul,Mchenry,286
119,Baltimore,Ulrick,Phillips,293
4991,Baltimore,Ryan,Dunn,292
70079,Buffalo,Max,Perez,237
5003,Carolina,Caleb,Suarez,286
5259,Carolina,Marco,Thompson,174
10024,Carolina,Kelvin,Dupree,197
390,Cincinnati,Chris,Frazier,197
70102,Cincinnati,Lance,Nguyen,289
71506,Cleveland,David,Peterson,194
61260,Dallas,Thomas,Jordan,287
55200,Denver,Gordon,Wilburn,235
56481,Denver,Fred,Garland,289
150,Detroit,Mike,Pressly,183
71732,Detroit,Josh,Benson,317
10149,Green Bay,Connor,Hardison,179
63419,Green Bay,Francisco,Orozco,196
68224,Green Bay,Leif,Allen,189
70173,Green Bay,Peter,Mager,269
30,Houston,Will,Thomas,256
309,Houston,Steve,Lucas,294
63544,Houston,Huy,Henriques,320
67716,Houston,Thomas,Rothschild,195
70357,Houston,Michael,Salvatore,189
63,Indianapolis,Elijah,Ellis,199
65796,Indianapolis,David,Helgeson,270
66409,Indianapolis,Stephen,Gibson,298
10223,Jacksonville,Zac,McCutchen,192
60346,Jacksonville,Antonio,Campoverde,186
444,Kansas City,Andres,Harrison,232
4987,Kansas City,Tony,Macura,297
66795,Las Vegas,Brian,Kelly,179
10390,LA Chargers,Da'Norris,White,305
20163,LA Chargers,Harrison,Rodriguez,213
70137,LA Chargers,William,Gustafson,244
71215,LA Chargers,Benjamin,Silva,207
10267,Miami,Arden,Ejiofor,173
15965,Miami,Patrick,Hatley,185
65084,Miami,Ernest,Mccoy,174
64235,Minnesota,Sameer,Vandersteen,203
73386,New Orleans,William,Miller,296
400,NY Giants,Bruce,Allen,299
62965,Pittsburgh,Hector,Gonzalez,176
5177,San Francisco,Fernando,Thomas,192
89,Seattle,Mike,Hargreaves,193
10110,Tampa Bay,Ja'Wuan,Gray,257
41725,Tampa Bay,Ronald,Price,302
53244,Tampa Bay,Matthew,Zimmer,292
49,Tennessee,Ray-Ray,Thompson,194
204,Tennessee,Terry,Jackson,251
71573,Tennessee,Brian,Power,248
125,Washington,Phillip,Calhoun,274
428,Washington,Luke,Trahan,211
50114,Washington,Charles,Seay,290
55202,Washington,Sebastian,Moore,231
55343,Washington,Robert,Miller,297
62310,Washington,Xiaoping,Smith,305
65365,FA,Alen,Riley,244
55351,FA,Emory,Hightower,241
65339,FA,David,Stowell,228
70470,FA,Joseph,Rasmussen,305
60493,FA,Jason,Hinton,194
70150,FA,Franklin,Mitchell,290
56376,FA,Ramon,Hubanks,233
20,FA,Danny,Kipnis,222
45170,FA,Brett,Mcphail,288
66525,Atlanta,Oscar,Reyes,192
11590,Buffalo,Mickey,Brogdon,190
15087,Buffalo,Donatello,Scott,171
242,Cincinnati,Dustin,Blackley,287
71201,Miami,Ketan,Cheng,238
4,Cleveland,Clinton,Gregerson,320
65905,Cleveland,Abel,Chapa,191
5100,Dallas,Alex,Henderson,223
50110,Denver,Jason,Naylor,292
63879,Denver,Michael,Archer,293
64883,Denver,Tyler,Giese,192
51695,Green Bay,Timothy,Sulton,192
65077,Green Bay,Walter,Nwachukwu,195
64127,Indianapolis,Timothy,Ward,207
541,Kansas City,Jon,Pinto,300
11462,Las Vegas,Matthew,Cano,240
46829,Las Vegas,James,Hixon,229
65547,Las Vegas,Rodolfo,Chavez,189
215,LA Chargers,Nathan,Burke,229
63223,LA Chargers,Mike,Schlueter,212
50109,LA Rams,Sung,Liu,282
67646,Miami,James,Garnette,190
46,Minnesota,Dustin,Woodson-Luster,280
409,Minnesota,DeAndre,Carle,248
574,New England,Jimmy,Aumont,302
10291,New England,Rishard,Ward,202
71240,NY Jets,Matthew,Campbell,209
45540,NY Giants,Robert,Monzel,294
5204,Philadelphia,Christian,Palardy,227
5922,Philadelphia,Nate,Semien,186
55215,Philadelphia,Ronald,Spencer,183
70169,Philadelphia,Hugh,Cohen,284
5153,Pittsburgh,Aaron,McNitt,176
65690,San Francisco,Ramon,Wells,231
10405,Seattle,Carlos,Mateo,245
5065,Tampa Bay,Damien,Knebel,289
65741,Tampa Bay,George,Benton,296
67882,Tampa Bay,Alfred,Swaray,213
71061,Tampa Bay,Myron,Mahan,196
70223,FA,Michael,Ruby,242
70335,FA,Nelson,Mcgarity,218
62628,FA,Lee,Thornsberry,295
62855,FA,Donald,Gurevich,225
45335,FA,Jeremy,Pruitt,278
41875,FA,Donald,Vereeke,300
15480,Arizona,Mike,Thorpe,304
61937,Atlanta,Vincent,Gomez,298
65884,Atlanta,Victor,Romani,222
67373,Atlanta,Travis,Mock,292
70410,Atlanta,Tim,Maloney,191
101,Buffalo,David,Paul,204
10026,Carolina,Vince,Gresham,273
64195,Chicago,Alejandro,Suarez,295
10015,Cincinnati,DaVonte,Logan,289
60412,FA,Randy,Wright,239
1761,Cleveland,Trenton,Adam,189
10070,Cleveland,Mike,Penny,284
10250,Cleveland,Isaiah,Williams,197
65500,Cleveland,Robert,Morales,254
65858,Cleveland,Mei,Felipe,247
5037,Dallas,Stephen,Mahtook,192
15401,Dallas,James,Wilson,193
55212,Denver,George,Kent,186
62418,Denver,Edward,Cooper,305
63495,Detroit,Xin,Nevin,180
65298,Detroit,Frank,Moore,255
70379,Detroit,Juan,Goldberg,199
1168,Green Bay,Koyie,Davies,190
1340,Green Bay,Jason,Stites,288
15050,Green Bay,Brian,Ciuffo,186
70387,Green Bay,Kevin,Der,221
63609,Indianapolis,David,Tibbits,240
67587,Indianapolis,Thomas,Ciardi,188
10,Jacksonville,Matt,Howard,219
51110,Jacksonville,Scott,Gatewood,290
64737,Jacksonville,Larry,Danner,281
68311,Jacksonville,Ronald,Black,294
393,Kansas City,Joe,Perez,192
414,Kansas City,David,Thomas,276
66412,Kansas City,Mark,Urich,217
68068,Kansas City,Timothy,Corbitt,302
67662,Las Vegas,Kevin,Cordova,194
295,LA Chargers,Gary,Albers,300
32,LA Rams,Carlos,Bostick,268
66390,LA Rams,Richard,Sheridan,193
66938,LA Rams,Vadim,Camirand,196
1711,Minnesota,Frank,Tarpley,167
50610,Minnesota,Eric,Terrell,299
67322,NY Jets,Gregorio,Castro,293
70356,NY Jets,Willie,Washington,286
50523,NY Giants,Mathew,Madden,185
70045,NY Giants,Erik,Arredondo,225
65506,San Francisco,Ronald,Gubler,232
70571,San Francisco,Luke,Richman,206
5324,Seattle,Johnny,Blach,298
6090,Seattle,Reggie,Ladendorf,184
10299,Seattle,Joe,Edmunds,191
66152,Tampa Bay,Stephen,Pearson,222
1233,Tennessee,Josh,Aquino,185
50462,Washington,William,Do,289
55494,Washington,Patrick,Collins,198
55536,Washington,Rodrigo,Gonzalez,198
5188,FA,Trevor,Morris,290
5000,FA,Kyle,Wilson,277
66538,FA,William,Neil,296
63198,FA,John,Sands,273
71677,FA,Gregory,Lucas,297
62976,FA,Mark,Jones,297
60678,FA,James,Leclair,180
65507,FA,Kevin,Hansford,194
62053,FA,Jin,Webb,292
68005,Arizona,Qing,Pradhan,294
5306,Atlanta,Richie,Igwebuike,191
71638,Atlanta,David,Juarez,282
5347,Baltimore,Doug,LaFromboise,229
5629,Baltimore,Trevon,Romero,235
10051,Baltimore,Cesar,Whitehead,300
10382,Baltimore,Nick,Concepcion,233
4996,Carolina,Zack,Trawick,196
5016,Chicago,Jawun,Hilton,269
67090,Cincinnati,Herbert,Pergerson,187
70621,Cincinnati,Luis,Rocha,306
443,Cleveland,Ryan,Wilson,185
43,NY Giants,Marquis,Rudolph,240
10606,Cleveland,Dominique,Ankou,232
67039,Cleveland,Philippe,Conner,214
55499,Dallas,Edwin,Chabolla,193
488,Denver,Danilo,Shakir,191
50140,Denver,Philip,Nagel,292
62344,Denver,Michael,Naccarato,239
68479,Denver,William,Esteves,289
40166,Detroit,Stephen,Brouillet,241
40894,Detroit,Robert,Richbow,201
65526,Houston,Edgar,Hyde,240
70138,Houston,Monty,Turner,229
14954,Indianapolis,Ryan,Herget,191
62107,Indianapolis,Glenn,Brandt,200
14949,Jacksonville,Victor,Selsky,293
51925,Jacksonville,Reyes,Dzul,286
53274,Jacksonville,James,Wilson,195
66111,Jacksonville,Benjamin,Ray,182
67784,Jacksonville,Anderson,Martin,284
70964,Jacksonville,Harold,Ribordy,298
1750,Kansas City,Reymin,Ortiz,280
856,LA Chargers,Gabriel,Campbell,283
11,LA Rams,Bruce,Dawson,200
45348,LA Rams,Richard,Lucia,270
55403,LA Rams,Tram,Singh,243
68662,LA Rams,Oscar,Torrez,294
70248,LA Rams,Brett,Campbell,213
10415,Miami,Mike,Hubbard,285
11057,Miami,Jake,Cuthbert,247
11616,Miami,Jordan,Dickson,195
61562,Miami,Steven,Kapfhammer,290
70125,Miami,Thomas,Maddock,287
10108,Minnesota,Rasheed,Downs,245
70988,Minnesota,Barry,Taylor,188
715,New England,Tye,Gardewine,182
5332,New England,Miguel,Peterson,306
66945,New Orleans,Gregory,Sprouse,190
10455,NY Jets,Nick,Suarez,224
70585,NY Jets,Roger,Swimmer,188
1579,NY Giants,Vance,Osemele,174
62595,NY Giants,Rudy,Stokes,232
72532,NY Giants,Matthew,Bradshaw,180
818,Philadelphia,John,Robinson,191
10099,Philadelphia,Frank,Valdes-Scantling,294
15066,Philadelphia,Richaun,Alsadek,210
55887,Philadelphia,Brad,Wells,293
61859,Philadelphia,Jose,Ramos,186
680,Pittsburgh,Kenny,Fisher,188
55560,Pittsburgh,Paul,Gurule,174
11183,San Francisco,Dante,Gates,308
15263,San Francisco,Vontae,Knebel,208
55578,San Francisco,Marcos,Maldonado,175
71439,San Francisco,Jon,Gordon,193
67079,Tampa Bay,Kenneth,Anderson,308
58226,Tennessee,Richard,Yob,177
70271,Tennessee,Lawrence,Nguyen,193
1757,Washington,Trevor,Dunn,193
63619,Washington,Jeffery,Mcbrearty,190
5046,FA,Robert,Canady,189
5214,FA,Tim,Guerra,287
5272,FA,Jaime,McManis,285
5227,FA,Wilfredo,Joseph,228
6743,FA,Matthew,Cunningham,196
5015,FA,Wandy,Realmuto,215
5339,FA,J'Mon,McCoy,166
5073,FA,Carlos,Lackey,298
66359,FA,John,Osborn,284
55363,FA,Richard,Crawford,293
66954,FA,Matthew,Beil,192
64470,FA,Anthony,Daniels,206
63267,FA,James,Kohn,289
66442,FA,Edgardo,Valenti,296
18,FA,Joshua,Hathaway,229
65308,FA,Anthony,Yurczyk,232
62348,FA,Luis,Smith,205
65878,FA,James,Kartz,296
66656,FA,Benjamin,Nguyen,223
62453,FA,Michael,Waldo,281
5109,Arizona,Adam,Germen,187
14974,Arizona,Nathan,Hungalu,293
35310,Arizona,Patrick,Johnson,221
5209,Atlanta,Walter,Guy,181
71327,Atlanta,Herman,Vanderhorst,186
244,Baltimore,Zack,Ellington,201
347,Baltimore,Robin,Reynolds,191
712,Baltimore,A.J.,Hicks,271
4990,Baltimore,Kam,Wentz,289
14990,Baltimore,Joshua,Martin,196
47,Buffalo,Andrew,Martin,185
4995,Buffalo,Matt,McCants,283
45449,Buffalo,Andrew,Bascue,232
987,Carolina,Chad,Labourt,191
5119,Chicago,Daniel,Lawrence,285
10058,Chicago,Giannis,Wright,185
15238,Chicago,Mickey,Oxspring,318
383,Cleveland,Damien,Shead,234
45484,Cleveland,Robert,Smith,291
53409,Cleveland,Louis,Dell,247
65915,Indianapolis,Enrique,Rodriguez,235
71428,Cleveland,Ken,Miller,194
15703,Dallas,Buddy,Hays,252
40157,Denver,Jose,Padilla,197
70088,Denver,Adam,Johnston,228
63026,Detroit,Wayne,Jones,300
64811,Detroit,Glenn,Tucker,285
66607,Detroit,Darryl,Gregory,250
51531,Green Bay,Donald,Galligan,190
71624,Green Bay,Jie,Chen,301
10443,Houston,John,Massie,299
63484,Indianapolis,Raymond,Teague,198
65403,Indianapolis,Cezary,Moulton,297
66715,Indianapolis,Joe,Griffin,230
4993,Jacksonville,Garrison,Hoes,262
10000,Jacksonville,Kenny,Daniel,234
1644,Kansas City,John,Canady,182
14969,Kansas City,Jalen,Jones,244
56215,Kansas City,Adam,Grier,196
19976,Las Vegas,Jerel,Campos,193
63004,Las Vegas,Joseph,Valenzuela,232
70657,Las Vegas,Jerome,Spivey,271
46731,LA Rams,Hector,Faulkner,293
60632,LA Rams,Ronald,Dixon,281
64731,LA Rams,Jason,Bumbarger,188
66827,LA Rams,Timothy,Bruder,226
67906,LA Rams,Jeffrey,Rigoni,244
10381,Miami,Brad,Portis,192
15395,Miami,Corey,Brockers,207
1661,Minnesota,Adrian,Daniels,188
15242,Minnesota,Marcus,Dade,194
60730,Minnesota,Kenneth,Hankins,197
66181,Minnesota,David,Valasco,226
6427,New England,Abraham,Devey,200
60565,New England,Jaime,Mir,287
60917,New England,Abel,Moore,246
187,New Orleans,Kyle,Dickson,284
1652,New Orleans,Michael,Atchison,189
5081,New Orleans,Preston,Miller,306
14972,New Orleans,Devonte,Todd,189
186,NY Jets,Jason,West,200
5108,NY Jets,Gordon,Diallo,235
14959,NY Jets,Denver,Litton,298
65656,NY Jets,Richard,Ludwig,261
65956,NY Jets,Steven,Mckibben,287
15265,NY Giants,Jonathon,Perez,211
10235,Philadelphia,DaQuan,Badgley,201
16378,Philadelphia,Billy,Wright,173
1620,Pittsburgh,Simeon,Rea,236
4992,Pittsburgh,Jacob,Grant,308
5251,Pittsburgh,Kyle,Higbee,216
6242,Pittsburgh,Daniel,Ennis III,177
10151,Pittsburgh,Felix,Rodriguez,299
70553,Pittsburgh,Guillermo,Alfaro,296
5374,Seattle,Kemoko,Allard,230
10003,Seattle,Clayton,McGee,212
51286,Tampa Bay,Jeffrey,Cullum,205
65537,Tampa Bay,John,Stone,297
67555,Tampa Bay,Oliver,Harris,302
147,Tennessee,Adonis,President,196
214,Tennessee,Noah,Pillar,231
10017,Tennessee,Garrett,Smith,194
849,FA,Kevin,Blanco,198
5076,FA,Durham,Simmons,183
5105,FA,Denzel,Green,177
67964,FA,Alfredo,Hashimoto,220
50121,FA,James,Stewart,240
56588,FA,Christopher,Pratt,228
275,FA,Eduardo,Jackson,221
62513,FA,Frank,Thielen,289
65258,FA,Samuel,Kim,271
60682,FA,Jeff,Mcclellan,280
45380,FA,Dennis,Boles,305
45989,FA,Hector,Covarrubias,188
40250,FA,Charles,Brown,193
45417,FA,Johnny,Nguyen,191
106,FA,Russell,Latimer,239
64475,FA,Juan,Santiago,294
62988,FA,Richard,Martin,175
64405,FA,Rudolph,Lewis,246
67258,FA,Jesse,Walker,208
70671,FA,Quang,Nguyen,293
59256,FA,Andrew,Reddin,184
489,FA,Rob,Guthrie,190
11332,Arizona,Lance,Guilmet,190
14964,Atlanta,Josh,Gaudin,218
65180,Atlanta,Franklin,Gaines,298
66005,Atlanta,Martin,Sears,289
21515,Baltimore,DeVante,Littleton,291
40150,Baltimore,Louis,Perez,294
67141,Baltimore,Jesus,Casillas,184
5167,Buffalo,Jermaine,Shuck,193
6474,Buffalo,Jamon,Ridley,289
53111,Buffalo,Gary,Lindblad,179
61471,Buffalo,Jan,Summers,222
70424,Buffalo,Terence,Seth,196
15358,Carolina,Quadree,Weatherly,232
70228,Carolina,Charles,Tice,219
70401,Carolina,Miguel,Pedraza,274
8,Cincinnati,Jameill,Lopez,187
76,Cincinnati,Alec,Cozens,295
10220,Cincinnati,Danny,Garcia,185
62749,Cincinnati,Charles,Aarons,181
67599,Cincinnati,James,Smith,191
156,Cleveland,Jake,Campos,196
296,Cleveland,Niles,Bell,258
10399,Cleveland,Marvin,Thomas,174
15225,Cleveland,Dzanan,Huff,297
55603,Cincinnati,John,Hendrickson,243
60186,Philadelphia,Matthew,Lee,249
71251,Denver,Wilson,Rovegno,188
1395,Detroit,Ryan,Hicks,223
14952,Detroit,Travis,Cravens,240
14958,Detroit,Seby,Bazardo,194
1244,Green Bay,Aaron,DeValve,291
5197,Green Bay,Gregory,Hannemann,297
15123,Houston,Ryan,Lydon,176
65851,Houston,Alexander,Dyer,250
15302,Indianapolis,Tray,Gustave,309
63424,Indianapolis,Donald,Loving,191
66389,Indianapolis,Timothy,Stimac,248
332,Las Vegas,Ariel,Calderon,228
10270,Las Vegas,Jake,Sosa,295
10437,Las Vegas,Sam,Moxey,288
15097,Las Vegas,Matt,Qualls,291
5247,LA Chargers,Brad,Jones,193
10006,LA Chargers,Jorge,Jacobs,307
10190,LA Chargers,James,McKinnon,291
16521,LA Chargers,Joey,Pamphile,216
19908,LA Chargers,Pedro,Tavecchio,218
66429,Miami,David,Young,282
70074,Minnesota,Tracey,Blake,188
69,New England,Quinterrius,Parsons,289
5007,New England,Danny,Maronde,215
60792,New England,Scott,Worth,301
60948,New England,Larry,Arwood,217
67261,New England,Michael,Frizzell,175
67847,New England,John,Damiano,238
10080,New Orleans,Stansly,Alvarez,193
10137,New Orleans,Gregory,Donnal,178
18241,New Orleans,Josh,Bassitt,204
62882,New Orleans,Lorne,Davis,237
65296,New Orleans,Reginald,Mabry,196
65430,New Orleans,Kyu,Snyder,238
70000,New Orleans,Christopher,Demoss,242
5174,NY Jets,Luis,Hernandez,311
15017,NY Jets,Dallas,Denker,178
16736,NY Jets,Jhonatan,Perry,296
65374,NY Jets,Wayne,Crafton,197
10027,NY Giants,Paul,Canha,195
48493,NY Giants,Carmelo,Goto,297
71450,NY Giants,Michael,Abston,294
10871,Philadelphia,Jordan,Marte,306
15033,Philadelphia,Sean,Rogers,295
335,Pittsburgh,Marcell,Cain,205
10322,Pittsburgh,Tony,Varvaro,307
14947,Pittsburgh,Matt,Corbin,188
66755,Pittsburgh,Garrick,Wells,239
51735,San Francisco,William,May,244
65569,Seattle,Daryl,Dillon,195
70040,Seattle,Ronald,Geda,176
5,Tampa Bay,James,Taylor,207
15249,Tampa Bay,Preston,Snodgress,287
61627,Tampa Bay,Richard,Surges,202
61884,Tampa Bay,Glenn,Lloyd,261
69192,Tampa Bay,David,George,197
632,Tennessee,Nolan,Moscot,290
10030,Tennessee,Robinzon,Terrell,294
17,Washington,Phil,O'Malley,226
56916,Washington,Pierre,Smith,223
66177,Washington,Hyun,Shin,293
66974,Washington,Joel,Evans,195
60790,FA,Benjamin,Hanbury,242
65199,FA,Gregory,Taphorn,228
68485,FA,Irvin,Guzman,186
5170,FA,Kendall,Dunn,244
5502,FA,Austin,Duvernay-Tardif,185
5064,FA,Eric,Graham,176
5166,FA,Dietrich,Smith,226
67920,FA,Alejandro,Castellanos,166
68473,FA,John,Mori,168
336,FA,Kendal,Shaffer,179
5317,FA,Joey,McCrary,295
60139,FA,James,Carter,203
46388,FA,Donn,Shuster,295
67932,FA,Earl,Lewis,193
68377,FA,Luther,Due,250
65545,FA,Mark,Keller,299
66000,FA,Sean,Wilson,280
554,FA,Phillip,Christian,280
284,FA,Justin,Peterson,274
392,FA,Darin,Edwards,310
70176,FA,Kenneth,Hobbs,187
71846,FA,Jamie,Gooley,300
442,FA,Wil,Carter,190
65710,FA,Wilfred,Price,181
70867,FA,Mark,Hodson,182
66052,FA,Benny,Murray,180
50134,FA,John,Warnock,184
5248,Arizona,Craig,Crosby,225
10240,Arizona,Elfrid,Putkonen,247
15005,Arizona,Ryan,Segovia,303
666,Atlanta,Nathan,McKinney,184
60144,Atlanta,Todd,Bunch,223
62326,Atlanta,Lee,Kiser,184
70543,Atlanta,Ricardo,Moreno,305
5284,Baltimore,DeAndre,Wieters,182
45367,Baltimore,Julio,Jimenez,233
68574,Baltimore,Michael,Boyd,297
399,Buffalo,Pedro,Ekeler,195
71521,Buffalo,Barry,Downs,282
66015,Chicago,Gregory,Rosiek,240
71526,Chicago,Nick,Evans,227
62,Cleveland,Kendall,Lincoln,287
68090,FA,Raymond,Sanchez,246
1199,Denver,Adrian,Rivera,187
45160,Denver,Charles,Grady,211
67032,Denver,Salomon,Gonzalez,302
14975,Detroit,Chad,Ceciliani,242
6271,Green Bay,Nevin,Koufos,182
10227,Green Bay,Cody,Casspi,206
10023,Houston,Sebastian,Amichia,240
252,Indianapolis,Willis,Bruce,285
16593,Indianapolis,Taylor,Mortensen,295
64094,Indianapolis,Joshua,Morice,175
6469,Jacksonville,Travis,Lucas,248
65593,Jacksonville,Billy,Smith,301
397,Kansas City,Franklin,Hezonja,189
494,Kansas City,Mitch,Rivers,281
15219,Kansas City,Lavon,Iribarren,292
14966,Las Vegas,Rodney,Ladler,298
66960,Las Vegas,John,Elder,196
71119,Las Vegas,Stephen,Nelson,190
66234,LA Rams,Reginald,Campbell,276
5017,Miami,Darqueze,Basile,181
15842,Miami,George,Stammen,286
65075,Miami,Juan,Mora,214
6270,Minnesota,Jemile,Hekker,190
49406,Minnesota,Curtis,Anderson,178
65149,New England,Gregory,Sellers,202
10111,New Orleans,O'Koyea,Landrum,238
65660,New Orleans,Alvin,Eckes,224
10112,NY Jets,Hunter,Suh,242
62640,NY Jets,Michael,Hamman,241
66628,NY Jets,Sergio,Gonzalez,215
55,NY Giants,Wil,Castillo,288
5124,NY Giants,Miles,Walsh,206
46301,Philadelphia,Andrew,Kangas,187
16200,Pittsburgh,Ariel,Lemon Jr.,212
60,San Francisco,Brandon,Ramirez,224
53230,San Francisco,Samuel,Bronson,225
62866,San Francisco,Andrey,Levkulich,307
10288,Seattle,Breshad,Barnes,217
14963,Seattle,Taylor,Allen,219
10275,Tampa Bay,Ryan,Wiggins,288
15330,Tampa Bay,Beau,Oh,234
55455,Tampa Bay,Max,Smith,206
5203,Tennessee,Fabian,Powell,221
6336,Tennessee,Darren,Bjelica,300
45773,Washington,William,Stevens,190
70247,Washington,Miles,Mccarty,229
71559,Washington,William,Blanchard,285
70910,FA,Michael,Bryant,184
197,FA,Patrick,Hikutini,182
1124,FA,Luke,Garvin,188
1393,FA,Lou,Hechavarria,182
5359,FA,Jason,Manhertz,290
5291,FA,Ian,Last Name,281
66003,FA,William,Mass,176
65408,FA,Jeffrey,Kersting,237
6584,FA,Hunter,Stauffer,193
5363,FA,Jerald,Paulsen,197
5097,FA,Michael,Garrett,218
65980,FA,Donald,Mason,213
66337,FA,Carl,Frost,193
5102,FA,Cory,Donahue,247
5373,FA,Seth,Mazzoni,266
65662,FA,David,Poper,188
67003,FA,Patrick,Parker,236
1350,FA,Josh,Hawkins,224
50176,FA,Keith,Nelson,291
302,FA,Jack,Jackson,251
71257,FA,Rick,Shoemaker,285
1675,FA,Matthew,Odor,252
66009,FA,James,Ross,314
5295,FA,Tommy,Montero,186
64448,FA,Dwaine,Pitchford,216
30539,FA,Gary,Freitag,238
1209,FA,Austin,Iglesias,287
65825,FA,Steven,Hamilton,271
65965,FA,Richard,Harsch,187
68261,FA,Hipolito,Campos,202
54031,FA,William,Orso,200
67313,FA,Sanjay,Le,194
59167,FA,Keith,Tucker,187
71534,FA,Carl,Hill,284
56271,FA,William,Owens,184
14968,Arizona,Omarius,Beasley,234
15255,Arizona,Darius,Mabry,195
10040,Atlanta,Reynaldo,Falah,290
10595,Atlanta,Chris,Avery,299
11560,Atlanta,Angel,Norris,196
5163,Baltimore,Alex,Taijeron,246
10102,Baltimore,Deante,Hedges,193
10131,Baltimore,Burch,Ramos,284
10327,Baltimore,Kyle,Grant,203
366,Buffalo,John,Hollis-Jefferson,186
4994,Buffalo,Joshua,Wingenter,261
5355,Buffalo,Henry,Valaika,222
5942,Buffalo,Kasen,Reed,180
10106,Buffalo,Javy,Axelrod,302
10358,Buffalo,Sammy,Langford,286
10403,Buffalo,Jourdan,Conner,218
15279,Buffalo,Joaquin,Williams,294
46416,Buffalo,Brian,Adams,201
1459,Carolina,Brian,Simmons,296
64389,Carolina,Eric,Stephens,269
71167,Carolina,Christopher,Epps,237
10060,Chicago,Stanley,Segovia,214
14971,Chicago,Brandon,Ioannidis,203
55535,Cincinnati,David,Taylor,235
5495,Cleveland,Ben,Gohara,293
5672,Dallas,Vladimir,Dawson,228
6375,Dallas,Lyndon,Portis,188
14961,Dallas,Deolis,Francisco,294
15208,Dallas,Jonathon,Callahan,311
56547,Dallas,Henry,Green,239
55589,Denver,Carmine,Rhodes,242
71214,Denver,Pedro,Robles,203
5490,Green Bay,Cam,Schlottmann,309
10350,Green Bay,David,Rader,178
63526,Green Bay,Patrick,Green,221
10268,Houston,Dominique,Miller,190
70959,Houston,Luis,Resurreccion,216
5006,Indianapolis,Jakeem,Erlin,184
10967,Indianapolis,Jay,Vernon,208
62371,Indianapolis,Ricardo,Rubiano,235
331,Jacksonville,Jonas,Skipper,294
5090,Jacksonville,J.P.,Bracy,224
10205,Jacksonville,Justin,Marsh,189
66427,Jacksonville,Brian,Lin,231
255,Kansas City,Addison,Crosby,226
542,Kansas City,Wyatt,LaCosse,219
20062,Kansas City,Tyler,Maragos,199
10116,Las Vegas,Andrew,Zagunis,216
15082,Las Vegas,Willie,Irving,196
15350,Las Vegas,Alec,Garner,188
16972,Las Vegas,Jefry,Cobbs,188
62031,Las Vegas,Paul,Wade,192
988,LA Chargers,Senorise,Calderon,167
10119,LA Rams,Jake,Duda,204
6300,Miami,J.D.,Mendez,185
35326,Miami,Brent,Garcia,186
70265,Miami,Richard,Horton,199
15923,Minnesota,Jackie,Evans,173
70323,Minnesota,William,Hawkins,222
10424,New England,Logan,Njoku,185
22,New Orleans,Anthony,Upton,183
15368,New Orleans,Kevin,Gomber,293
67020,New Orleans,Ivan,Molina,296
10016,NY Jets,Michael,Elias,225
15399,NY Jets,Jake,Kendricks,187
65388,NY Jets,Derrick,Hawkins,227
10185,NY Giants,Sam,Voth,194
24985,NY Giants,Donald,Dingus,200
751,Philadelphia,Aron,Perez,297
10011,Philadelphia,Whit,Wilson,277
24984,Pittsburgh,David,Ross,210
64005,Pittsburgh,Willy,Jimenez,252
14970,San Francisco,Malcolm,Kahnle,278
404,Seattle,Roc,Barnett,194
10249,Seattle,Brett,Maxey,188
51937,Seattle,Paul,Huffman,278
6686,Tampa Bay,L.P.,Davis,239
63266,Tampa Bay,Jason,Green,193
63293,Tampa Bay,Robert,Wilkinson,220
10611,Tennessee,Micah,Golson,301
6000,Washington,Shane,Armenteros,184
6535,Washington,Brendan,Hightower,193
10225,Washington,Al,Solis,190
10848,Washington,Harold,Burke,195
11309,Washington,Chad,Dolis,192
15107,Washington,Brandon,Carpenter,185
15149,Washington,Jerry,Hager,235
15985,Washington,Zac,Hicks,294
71639,Washington,Saul,Vasquez,236
1425,FA,Scott,Cabrera,181
737,FA,Russell,Grantham,182
5018,FA,Jim,Turley,297
5085,FA,Erik,Smith,215
62588,FA,Edward,Mallory,290
62243,FA,John,Bensman,194
5385,FA,LaAdrian,Buchanan,188
5230,FA,Daryl,Shaw,290
5022,FA,Adoree',Cloyd,197
55735,FA,Alan,Feehan,227
805,FA,Neil,Faulkner,187
60519,FA,Joseph,Cale,231
436,FA,David,Forbath,272
46381,FA,Mark,Transue,292
704,FA,Joe,Hawkins,282
62831,FA,James,Hunt,276
70408,FA,Lawrence,Dornellas,295
64314,FA,Ricardo,Gonzalez,298
699,FA,Drew,Reed,197
61372,FA,Daniel,Degitz,215
135,FA,Jake,Moore,287
99,FA,DeMarcus,Hagens,302
381,FA,Vincent,Allen,180
212,FA,Genesis,Pelham,190
65275,FA,Richard,Mcleod,232
69977,FA,Clarence,Hobson,208
60553,FA,Zachary,Willwerth,282
1404,FA,DeAngelo,Cook,283
348,FA,Trea,Taumoepenu,245
273,FA,D.J.,Baylis,276
533,FA,Zack,Hicks,290
287,FA,Akrum,Robinson,186
36628,FA,Richard,Lupo,185
449,FA,Teo,Lindsey,295
5993,Arizona,Franchy,Washington,184
14976,Arizona,Caleb,Reiter,294
14995,Arizona,Jamie,McCoy,171
15104,Arizona,Darren,Albers,217
15178,Arizona,Jake,Greenberg,175
15638,Arizona,Charvarius,Forbes,189
388,Atlanta,Joseph,Saric,285
3418,Atlanta,Jim,Stanley,195
61042,Atlanta,David,Hine,270
10352,Baltimore,Travis,Chirinos,226
10410,Baltimore,Corey,Reid,250
66721,Buffalo,Joseph,Jones,172
5144,Carolina,Theo,Scribner,232
15045,Carolina,Paul,Buckner,178
10020,Cincinnati,Jose,Jones,170
65644,Cincinnati,Dilip,Tran,194
66710,Cincinnati,Michael,Nease,241
16254,Dallas,Chris,Brooks,203
66131,Denver,Roger,Palecek,236
14948,Detroit,Tony,Sherman,195
178,Kansas City,Chaz,Esch,236
15120,Detroit,Jose,Colabello,194
15224,Green Bay,DeAndre',Anau,299
16301,Green Bay,Shohei,Wormley,183
61148,Green Bay,Douglas,Ehrmann,269
70086,Green Bay,James,Whitfield,239
5343,Houston,Peter,Obada,292
5670,Houston,David,Buckner,225
10419,Houston,Skye,Lattimore,194
15247,Houston,Kerwynn,Urias,191
20353,Indianapolis,Joaquin,Centeno,226
5328,Jacksonville,Trayvon,Johnson,204
10007,Jacksonville,Dashaun,Ceciliani,197
10145,Jacksonville,Armani,Williams,292
10333,Jacksonville,Rashard,Hilliard,184
68352,Jacksonville,Thomas,Henderson,195
58,Kansas City,Shabazz,Foreman,235
5976,Kansas City,Jeurys,Rogers,291
15223,Kansas City,Phillip,Adams,192
14950,Las Vegas,A.J.,Kanter,297
16465,Las Vegas,John,Milner,199
50173,Las Vegas,Dennis,Jones,226
66561,Las Vegas,Malik,Boyd,194
5784,LA Chargers,Phillip,Bell,302
10021,LA Chargers,Hiram,Maronde,224
10359,LA Chargers,Aqib,Lynch,289
65351,LA Chargers,Alexander,Williams,238
10195,LA Rams,Isaiah,Rogers,191
10975,LA Rams,Gonzalez,Tyson,244
50378,LA Rams,Mario,Sisneros,286
13007,Miami,Marquette,Locke,181
20294,Miami,Matt,Hoskins,237
6642,Minnesota,Brogan,Teague,195
15357,Minnesota,Jacob,Williams,278
14951,New England,Michael,Oliveros,222
16318,New England,Keith,Jackson,308
64821,New Orleans,Kenneth,Wheat,195
71691,New Orleans,Daniel,Castro,167
15261,NY Jets,Klay,Hudson,179
71640,NY Jets,Mike,Burpee,191
594,NY Giants,Anthony,Ahmed,194
10243,Philadelphia,Riley,Correa,186
10265,Philadelphia,Keibert,House,209
71396,Philadelphia,Mark,Kurzweil,300
15086,Pittsburgh,Sherman,Leclerc,199
65082,Pittsburgh,James,Knoll,297
10577,San Francisco,Zack,Labourt,256
14965,San Francisco,Bobby,Gonzalez,188
15166,San Francisco,Scott,Romero,232
65458,San Francisco,Juan,Bishop,191
10012,Tampa Bay,T.Y.,Hubbard,279
6200,Tennessee,Chris,Jansen,299
62562,Tennessee,Steven,Atchley,295
10389,Washington,Ronald,Cimber,175
10411,Washington,Wayne,Hughes,191
35843,Washington,Erik,Schaefer,243
65471,Washington,Ronald,Ibarra,193
6137,Arizona,Vontarrius,Robinson,186
10968,Atlanta,Naashon,Elder,182
15293,Atlanta,Scott,Banner,289
64108,Atlanta,William,Demarco,302
10158,Baltimore,John,Lauer,291
5005,Buffalo,Ola,Cunningham,238
10014,Buffalo,Adam,Anderson,245
10320,Buffalo,Corey,Cabrera,292
9998,Carolina,Hunter,Familia,295
15311,Carolina,Austin,Rosario,227
5599,Cincinnati,Matt,Dwelley,197
10253,Cincinnati,Josh,Varvaro,305
10133,Cleveland,Kyle,Shell,176
15092,Cleveland,D.J.,Jenkins,245
15409,Cleveland,Brennan,Dominguez,182
15301,Dallas,Bam,Bozeman,219
6124,Denver,Ersan,Smith,279
6649,Denver,Zaza,LaRoche,286
68620,Denver,Andres,Herrada,196
10396,Detroit,Richard,Bianchi,197
14955,Detroit,Benardrick,Goodwin,232
15305,Green Bay,JC,Gentry,207
15273,Cincinnati,Jomal,Carson,237
5772,Houston,Ruben,Davis,242
5274,Cleveland,Delino,Bertolet,238
16054,Houston,Geronimo,Lewis,301
1811,Indianapolis,Trevor,Herrera,193
5195,Indianapolis,Gonzalez,Roberts,290
65981,Indianapolis,Carl,White,243
10361,Indianapolis,Jonathan,Parks,187
15022,New Orleans,Dylan,Palmer,244
70366,Indianapolis,Ray,Quintana,184
11634,Kansas City,Antone,Weeks,242
5400,LA Chargers,Rocky,Rosario,182
16514,LA Chargers,Zack,Beck,174
5533,LA Rams,Isaiah,Williams,293
6197,LA Rams,Rafael,Hefner,223
6418,LA Rams,Seunghwan,Vieira,277
6618,LA Rams,Toru,Alvarez,194
10377,LA Rams,Bobby,Britton,195
66885,LA Rams,Jose,Frost,198
5205,Minnesota,Andres,Reavis,290
6132,Minnesota,Anthony,Fulmer,185
13316,Minnesota,Hroniss,Wells,169
15393,Minnesota,Harrison,Kendricks,234
19971,Minnesota,Jarvis,Mauro,243
408,New England,Fish,Liggins,188
81,New Orleans,Richie,Gasol,229
10294,New Orleans,Justin,Ramirez,197
15278,New Orleans,Chris,Watkins,290
24990,New Orleans,Roko,Souza,213
7,NY Jets,Jhan,Peters,229
10271,NY Jets,Davis,Covey,237
72,NY Giants,Telvin,Acuna,231
1108,NY Giants,Melky,Hughes,296
57519,NY Giants,Robert,Sterley,196
58164,NY Giants,Warner,Garcia,203
16564,Philadelphia,Kareem,James,290
10273,San Francisco,Andrew,Solano,202
15231,Seattle,Alex,Figueroa,303
11693,Tampa Bay,Trevon,Cothran,204
14956,Tampa Bay,Daniel,Hester,220
10306,Tennessee,Hayes,Edwards,173
5705,Arizona,Mike,Adams,200
15312,Arizona,Kony,Ramirez,286
15381,Arizona,Alexei,Castro,285
10002,Atlanta,Logan,Lopez,302
10008,Atlanta,David,Brown Jr.,248
10032,Atlanta,Alex,Hitchens,299
10168,Atlanta,Isaiah,Lewis,215
15043,Atlanta,Izaah,Plawecki,202
15083,Atlanta,Deiondre',Morales,238
62732,Atlanta,Feng,Song,231
66314,Atlanta,Alton,Toles,195
10073,Baltimore,Josh,Harris,282
19973,Baltimore,Jermey,Cabral,187
6653,Buffalo,Jordan,Burris,306
61057,Carolina,Rui,Lee,293
5778,Cincinnati,Tanner,Mickens,286
15688,Cincinnati,John,Bonifacio,186
319,Cleveland,Cory,Wanamaker,194
10262,Cleveland,Carlos,Blacknall,239
15002,Cleveland,Steven,Ware,191
15118,Cleveland,Eddie,Wisniewski,237
15168,Cleveland,Roy,Clark,201
15329,Cleveland,Wendell,Bonilla,182
63499,Dallas,Mikhail,Coley,182
15021,Denver,Nick,McCourty,279
15800,Denver,David,Muscala,291
45290,Denver,Wayne,Sutton,197
256,Detroit,Abel,Hughes,291
10433,Detroit,Whitney,Robinson,186
10797,Detroit,Quentin,Tilson,175
15115,Detroit,Omari,Stanley,192
15327,Detroit,John,Sanchez,299
15364,Detroit,Mike,Hu,201
10182,Green Bay,Michael,Rozier,234
16281,Green Bay,Kyle,Lee,293
70530,Green Bay,Keith,Mozingo,206
5061,Houston,Wilton,St. Brown,305
10022,Houston,Jeff,Holley,193
15070,Houston,Dominic,Flexen,178
15153,Houston,Miguel,Eifert,287
15239,Houston,Eric,Faulkner,305
15935,Houston,Jake,Iglesias,301
21072,Houston,Vincent,Singleton,299
15975,Indianapolis,Josh,Barnes,178
65176,Cleveland,Stephen,Eilers,237
10266,Jacksonville,Julian,Longacre,217
15059,Jacksonville,Ryan,Pederson,198
5640,Minnesota,Tevin,Barrett,247
15157,Minnesota,Eric,Braverman,233
39,Kansas City,Yacksel,Knox,208
66361,Washington,Victor,Perrin,237
5519,Kansas City,Scott,Dozier,289
10090,Kansas City,Myles,Bolles,227
10210,Kansas City,Brad,Adams,287
14962,Kansas City,Mitch,Forrest,177
15206,Kansas City,Robertson,Moore,228
10297,Las Vegas,Edward,Colon,282
10421,Las Vegas,Chris,Mama,244
10633,Las Vegas,Vyncint,McRae,188
15122,Las Vegas,Rey,Scott,237
15126,Las Vegas,Chi Chi,Colome,219
15578,Las Vegas,Curtis,Billingsley,190
70061,Las Vegas,Brian,Ouimette,289
5631,LA Chargers,Jermey,Longoria,198
10126,LA Chargers,Chad,Walters,290
10334,LA Chargers,J'Mon,Wolters,300
300,LA Rams,Brandon,Lawson,248
810,LA Rams,Isaiah,Alburquerque,231
11770,LA Rams,Kyle,Nimmo,188
15139,LA Rams,Jon,Gore,285
10162,Minnesota,Kaelin,Swanson,179
11212,Minnesota,Yogi,Oladipo,204
11327,Minnesota,Fish,Vander Laan,239
14978,Minnesota,Reggie,Newton,237
15197,Minnesota,Julio,Robinson,276
16266,Minnesota,Zach,Graterol,194
365,New England,R.J.,Foster,198
10107,New Orleans,Matt,Zavala,194
10292,New Orleans,Ronald,Bazemore,227
15075,New Orleans,Anthony,Koch,179
15207,New Orleans,Jacob,Onwualu,234
16759,New Orleans,Phil,Turner,217
18081,New Orleans,J.D.,Pullard,293
6575,NY Jets,Matt,Siri,188
10010,NY Jets,Ronald,Baker,192
11151,NY Jets,Jamil,Webster,192
15956,NY Jets,Lou,Wheeler,183
65798,NY Giants,William,Blue,248
10236,Philadelphia,Andrew,Moncrief,214
10259,Philadelphia,Joe,Harris,191
10325,Philadelphia,Evan,Gordon,176
10716,Philadelphia,Ryan,Witherspoon,229
13104,Philadelphia,J.R.,Campbell,302
14960,Philadelphia,Oren,Colon,170
67746,Philadelphia,Manuel,Gonzalez,180
11010,Pittsburgh,Mark,Nelson,196
62754,Pittsburgh,Ji,Penalosa,192
7514,San Francisco,Elie,Randle,177
10321,San Francisco,Mike,Bates,206
62522,San Francisco,Jon,Saksena,228
10053,Seattle,Meyers,Wilson,297
15379,Seattle,Tony,Gates,188
15396,Seattle,Whitney,Enright,300
62930,Seattle,Steven,Hughes,302
10013,Tampa Bay,Ike,Tauchman,201
10142,Tampa Bay,Owa,Flaherty,253
10725,Tampa Bay,David,Bembry,188
15243,Tampa Bay,Phillip,Rogers,203
15339,Tampa Bay,Travis,Kingery,208
50465,Tennessee,Jesus,Avalos,231
5386,Arizona,Xavier,Gipson,245
15068,Buffalo,Ryan,Blacknall,204
15415,Buffalo,Drew,Howell,285
16159,Buffalo,Brandon,Moncrief,288
1825,Chicago,Matt,Wallace,263
6527,Chicago,Alex,Harris,227
16469,Chicago,Avery,Gonzalez,231
66458,Chicago,Walter,Bullard,203
5020,Cincinnati,Tim,Agholor,254
10238,Cincinnati,Shaquil,Watkins,238
15037,Cleveland,Travis,Cole,219
15159,Cleveland,Jose,Mazzoni,308
62423,Cleveland,Brice,Torres,198
66480,Cleveland,William,Alexander,197
5583,Dallas,Torrey,Solano,188
10054,Dallas,Francisco,Smith,306
18986,Dallas,Dillon,Stewart,191
51073,Dallas,Neil,Hankins,296
10109,Denver,Tim,Hutchison,226
15106,Denver,Tyler,Colbert,244
15258,Denver,Yoenis,Gholston,206
67619,Denver,Edward,Staton,195
10398,Detroit,Shaq,Ryan,197
15309,Detroit,Cole,Cole,195
15376,Detroit,Tyler,Heredia,230
10069,Green Bay,Rashard,Nall,276
16434,Green Bay,Leon,Tolliver,229
70404,Green Bay,Thomas,Hamilton,249
5775,Houston,Ryan,Loyd,193
14953,Houston,Chandler,Lamb,247
15414,Houston,David,Saubert,194
15572,Houston,Alex,Blevins,230
10078,Indianapolis,Justin,Cooper,284
10441,Indianapolis,Josh,Joyner,224
62360,Indianapolis,Michael,Nguyen,282
10353,Jacksonville,Jordan,Hicks,195
10386,Jacksonville,Trevor,Wood,189
15063,Jacksonville,Phillippe,Johnson,206
1426,Kansas City,Cole,Aminu,233
15110,Kansas City,Sergio,Guice,207
15378,Kansas City,Maikel,Milligan,275
61669,Carolina,Jason,Holbrook,254
870,Denver,Pat,Mathieu,235
14979,Las Vegas,Torrey,Barbato,241
10075,LA Chargers,Nick,Pounders,189
10366,LA Chargers,Josh,Tom,199
15246,LA Chargers,JT,Jungmann,247
15103,LA Rams,Anthony,Butler,235
16374,Miami,Ryan,Bowman,213
16584,Miami,A.J.,Madison,294
1685,Minnesota,Lane,Worth,224
15163,Minnesota,Georges,Garcia,193
15285,Minnesota,Kelvin,Sanchez,196
15292,Minnesota,Parker,Boling,283
15439,Minnesota,Joe,Martis,180
15632,Minnesota,Chase,Brown,187
15789,Minnesota,Milos,Frare,189
10861,New England,Zach,Ledezma,187
15102,New Orleans,Mike,Fulton,246
1348,NY Giants,Kevin,Sanchez,223
5429,NY Giants,Darrel,Chapman,306
5715,NY Giants,Wes,Osuna,173
15117,NY Giants,Freddie,Koch,193
1128,Philadelphia,Brandon,Ramczyk,237
5183,Philadelphia,Daurice,Maile,208
11198,Philadelphia,Frank,Noel,320
14999,Philadelphia,Drew,Parsons,239
15577,Philadelphia,Enrique,Shamet,294
15892,Philadelphia,Josh,Ellenson,179
11488,Pittsburgh,Naz,Fiers,242
5033,Seattle,Garrett,Albies,219
14992,Seattle,Kirk,Sandoval,194
15260,Seattle,Travin,Adams,196
16680,Seattle,Jeremy,Merrifield,276
64461,Seattle,Donald,Bailey,181
10062,Tampa Bay,Darrell,Sadler,284
10406,Tampa Bay,Jake,Hosmer,317
15141,Tampa Bay,J.D.,Jones,285
5732,Tennessee,Adam,Boyle,282
5782,Tennessee,Matt,Paddack,248
10056,Tennessee,Brandon,Alexander,221
10289,Tennessee,Will,Outman,222
16506,Tennessee,Jalen,Jackson Jr.,227
63575,Tennessee,Todd,Bengel,198
11603,Washington,Victor,Brown,297
15129,Arizona,Arden,Niang,286
10208,Atlanta,Amir,Tankersley,180
15028,Atlanta,Shareece,Hinojosa,198
16517,Atlanta,Keibert,Watson,204
15014,Baltimore,Joshua,Bacon,223
15602,Baltimore,Austin,Kelly,230
15900,Baltimore,Preston,Jimenez,182
19986,Baltimore,Brandon,Savage,221
10201,Buffalo,Randal,Holmes,244
15035,Buffalo,James,White,187
15121,Buffalo,Ken,Flagel,197
10331,Carolina,Wilkin,Tatum,260
6001,Chicago,Chanceller,Stewart,230
15029,Chicago,Willie,Parms,188
60622,Cincinnati,Aaron,Hancock,219
63821,Cincinnati,Michael,Rebecca,178
730,Cleveland,Craig,Boscan,221
10192,Cleveland,Tim,McRae,193
15147,Cleveland,Wandy,Jones,187
16029,Cleveland,Lou,Avery,217
10234,Dallas,Jose,Moustakas,297
62996,Dallas,Joseph,Patchen,248
10842,Denver,Jamie,Fitzpatrick,171
17226,Denver,Yuniesky,Price,287
10239,Green Bay,DeAndre,Tuiasosopo,274
15604,Houston,Michael,Korkmaz,229
21621,Houston,J'Marcus,Lancaster,182
10241,Indianapolis,Ty,Bogdanovic,245
14973,Indianapolis,Casey,Hatcher,292
15191,Indianapolis,Ray-Ray,Last Name,223
16560,Indianapolis,J.P.,Mitchell,213
15089,Kansas City,Jon,Wahl,183
15215,Kansas City,Xavier,Smith,223
15221,Kansas City,Jevon,Majewski,219
10200,Las Vegas,Chris,Crawford,292
10342,Las Vegas,Evan,Duke,186
15250,Las Vegas,David,Bryant,287
15431,Las Vegas,Julio,Freeland,186
16130,Las Vegas,Anthony,Biagini,204
66752,Green Bay,Terrence,Cothern,242
10277,LA Chargers,Arnold,Smith,189
62230,LA Chargers,Scott,Potash,244
62409,New England,Randal,Marquardt,243
5433,Miami,Korey,Gonzalez,219
20309,Miami,Alex,Elliott,297
71620,New England,Noe,Morales,190
10052,New Orleans,Thaddeus,Pestano,239
10097,New Orleans,Chaz,Zeitler,185
61158,New Orleans,Jeffrey,George,228
21681,NY Jets,Brian,Ramirez,287
10139,Philadelphia,Michael,Deayon,289
15095,Philadelphia,Carlton,Moore,189
15201,Philadelphia,James,Owens,308
10159,Pittsburgh,Chris,Diaz,308
60700,Pittsburgh,Samuel,Henry,255
71043,Pittsburgh,Raleigh,Reile,194
10018,San Francisco,Mike,Barr,205
15348,San Francisco,Caraun,Pringle,240
16143,San Francisco,Joel,Worley,196
60942,Seattle,William,Shuck,182
10004,Tampa Bay,Troy,Jackson,176
10140,Tampa Bay,Trevon,Ingram,308
10153,Tampa Bay,Jarrett,Liddi,283
10170,Tampa Bay,Victor,Odom,187
11447,Tampa Bay,Huascar,Stupar,309
67678,Tampa Bay,Clarence,Napier,213
10211,Tennessee,Lorenzo,Carr,220
10337,Tennessee,Clinton,Marte,243
10347,Tennessee,Joe,Yanda,223
10709,Tennessee,Quinterrius,Koo,190
15310,Tennessee,Jerry,Reyes,294
16212,Tennessee,Adalberto,Penny,286
70342,Tennessee,Yao,Richardson,202
15211,Washington,Don,Williamson,296
15354,Washington,Denyi,Featherston,185
6095,Arizona,Chris,Hill,316
11406,Arizona,Marcell,Maysonet,231
11702,Arizona,Nikola,LeBlanc,194
15274,Arizona,Jo-Jo,Faulkner,299
15320,Arizona,Marcus,Pena,232
20288,Arizona,Casey,Gallon,220
15353,Atlanta,John,David,192
15644,Atlanta,Christopher,Merritt,192
15673,Atlanta,Ryan,Temple,219
5371,Baltimore,Pedro,Gathers,184
10193,Baltimore,Nate,Adam,227
15125,Baltimore,Kendry,Malleck,200
10127,Buffalo,John,Jefferson,194
10231,Buffalo,Nick,Jones,219
15048,Buffalo,Vernon,Mack,194
15077,Buffalo,Tyler,Winslow,290
15408,Buffalo,Logan,Mejia,293
15170,Carolina,Jonathon,Durant,293
62536,Carolina,Roger,Nettles,193
15567,Chicago,Cameron,Chung,291
10247,Cleveland,Skai,Esch,302
15000,Cleveland,Ryan,White,310
16774,Cleveland,Robbie,Bloom,228
15736,Dallas,Colby,Peterson,225
16496,Denver,Clark,Whitehead,204
61974,Denver,Joao,Greco,252
15019,Detroit,Emmanuel,Murdock,278
15144,Detroit,Geoff,Alburquerque,194
15337,Detroit,Matt,Richardson,190
14957,Green Bay,Terry,Kalis,287
16026,Green Bay,Elfrid,Lynch,228
16122,Houston,Nicky,Graveman,163
16781,Houston,Mike,Bradley,195
19991,Houston,Seantrel,Garate,242
15932,Indianapolis,Jordan,Ziegler,290
16600,Indianapolis,Skyler,Simmons,213
14998,Jacksonville,Kyle,Bembry,227
15306,Jacksonville,Tommy,Murton,232
11048,Las Vegas,Adam,Wilson,195
15288,Las Vegas,Ian,Rogers,189
19989,Las Vegas,Laurent,Scruggs,246
63262,Las Vegas,John,Rockhill,292
15954,LA Chargers,Kam,Jackson,188
14991,LA Rams,Ariel,Malleck,298
5074,Miami,Steve,West,192
10121,Miami,Robert,Hernandez,293
10547,Miami,Derek,Apple,195
11128,New England,Ian,Beverley,242
16088,Miami,Rafael,Miller,230
16463,Minnesota,Akeem,Bailey,188
16627,Minnesota,Gabriel,Gosewisch,291
10439,New England,Freddy,Gervacio,234
10667,New England,Tre'Von,Sherfield,274
60870,New England,Juan,Delgallo,232
60957,New England,Tyler,Hamon,194
15079,NY Jets,Yuta,Cubillan,252
15362,NY Jets,Delanie,Johnson,307
6558,NY Giants,L.J.,Campos,307
11098,NY Giants,Steve,Thuney,225
15188,NY Giants,Matt,Teheran,192
10087,Philadelphia,Chris,Holmes,294
10278,Philadelphia,Jarrod,Young,231
10429,Philadelphia,Trayvon,Wadley,270
15508,Philadelphia,Rudy,Bostic,235
15827,Philadelphia,Jaye,Bonnafon,194
5258,Pittsburgh,Niuman,Dahl,295
10416,Pittsburgh,Benardrick,Taylor,292
11600,Pittsburgh,Eury,Zimmer,295
14985,Pittsburgh,Marcus,Alcantara,304
15124,Pittsburgh,Duke,Okafor,171
15151,Pittsburgh,Rashaan,Sanchez,241
15205,Pittsburgh,Tim,Blair,209
15248,Pittsburgh,Erick,Boehringer,307
10365,San Francisco,Blake,Robinson,299
11527,Seattle,Joe,Calhoun,191
16763,Seattle,Jordan,Powell,244
10312,Tampa Bay,Brandon,Rowen,196
10990,Tampa Bay,Devon,Alford,191
16138,Tampa Bay,Mike,Acevedo,295
16241,Tampa Bay,Jerod,Guy,213
16296,Tampa Bay,Jamarco,Woods,185
16470,Tampa Bay,Patrick,Nuno,241
15308,Tennessee,Jason,Yabusele,196
10539,Washington,Robert,Mozgov,192
15051,Washington,Zhaire,Philon,200
15171,Washington,Matt,Williams,294
10422,Arizona,Beau,Martin,255
15272,Arizona,Thairo,Thomas,223
15388,Arizona,Jake,Gonzalez,184
15835,Arizona,Tommy,Nieves,234
15889,Arizona,Jonathan,Killebrew,281
20119,Arizona,A.J.,Kaaya,272
203,Atlanta,Corey,Randle,229
15363,Atlanta,A.J.,Stewart,198
15411,Baltimore,Tyler,Tonkin,293
15445,Baltimore,MarShon,Pryor,195
16424,Baltimore,Cory,Smith,298
20731,Baltimore,Joe,Anderson,193
23508,Baltimore,Jabari,Drummond,277
10150,Buffalo,Chandler,McKay,181
11478,Buffalo,Matt,Schwarber,198
10242,Carolina,Spencer,Marshall,278
67563,Carolina,John,Lentz,239
16004,Chicago,Cory,Escalona,285
16672,Chicago,Du'Vonta,Williams,181
16777,Chicago,A.Q.,Hernandez,242
63261,Cincinnati,Pablo,Jovel,212
15539,Cleveland,Stephon,Mathieu,302
15989,Dallas,Felix,Bonifacio,189
15543,Denver,Troy,Thomas,192
16502,Denver,Kenny,Valdes,185
10214,Detroit,Joel,Chirinos,244
15135,Detroit,Curtis,Tracy,296
15267,Detroit,Kyle,Darvish,207
6459,Green Bay,Maikel,Infante,195
15180,Green Bay,Wilton,Pankey,213
15266,Houston,Dayan,Holley,187
16526,Houston,Alex,Sullivan,300
17331,Houston,Marcus,Detwiler,237
11228,Indianapolis,Jordan,Virgin,226
16655,Indianapolis,Darin,Bautista,285
15725,Jacksonville,Daniel,Septimo,291
11117,Kansas City,Ben,Smith,250
15131,Kansas City,Jalen,Peterson,282
15856,Kansas City,Jawun,Burfict,201
20355,Kansas City,Corey,Brown,214
11241,Las Vegas,Rey,Scott,193
15326,Las Vegas,Tim,Grugier-Hill,298
16135,Las Vegas,Wilkin,Valdez,171
61727,Las Vegas,John,Duffy,241
10414,LA Chargers,Tim,Robinson,288
16124,LA Chargers,Josh,Bunche,270
10254,LA Rams,Andre,LeMahieu,229
16662,LA Rams,Duke,Conforto,200
10373,Miami,Ali,Sandoval,215
15065,Miami,Devin,Holtz,231
17107,Miami,Harrison,McQuaide,287
5997,Buffalo,Thad,Downs,236
136,Carolina,Le'Veon,Hester,243
10212,Tennessee,Mike,Urias,234
14981,Minnesota,Adolphus,Litton,227
15142,Minnesota,Sealver,Nkemdiche,197
17945,Minnesota,Ola,Johnson,277
10739,New England,Cesar,Roethlisberger,294
16650,New England,Marco,Gurka,172
228,New Orleans,Jalen,Johnson,216
11652,New Orleans,Carl,Melton,293
10917,NY Jets,Andrew,Michael,226
15032,NY Jets,Josh,Jernigan,236
15450,NY Jets,Brant,Taylor,306
11428,NY Giants,Christian,Simon,214
14994,NY Giants,Anthony,Singleton,244
15133,NY Giants,Garrett,Witherspoon,288
15623,Philadelphia,Josh,Coyle,192
5955,Pittsburgh,Andrew,Jack,226
15555,Pittsburgh,Chris,Cecil,238
10245,San Francisco,Paul,Fowler,249
14988,San Francisco,Duron,Motte,243
15295,San Francisco,Daniel,Piscotty,247
16738,San Francisco,Felix,Ponce de Leon,313
10417,Seattle,Lyndon,Hart,296
10497,Seattle,Jon,Roberts,213
15634,Seattle,Yuta,Bell,300
11958,Tampa Bay,Brett,Durham,237
15229,Tampa Bay,Jonas,Lawrence,208
280,Tennessee,Davin,Cozart,213
10900,Tennessee,Demar,LeMahieu,183
19974,Tennessee,Kevin,Cole,232
10290,Arizona,Damien,Chachere,229
20165,Arizona,Avery,Brown,221
15234,Baltimore,Mike,Knox,194
19970,Baltimore,Kaleb,Cavanaugh,241
10187,Carolina,Meyers,Ross,231
15269,Carolina,Justin,Hudson,206
15484,Carolina,Ruben,Peters,190
15385,Chicago,Ricky,Dean,182
15783,Chicago,Ron,Wright,193
15810,Chicago,Josh,Morales,277
16681,Chicago,A.J.,Kalu,180
15227,Cincinnati,Lonnie,Adams,247
10005,Cleveland,Brandon,Rasmussen,281
15556,Cleveland,Jordan,Allen,195
15649,Cleveland,Albert,Bryant,240
15169,Dallas,Vernon,Johnson,286
16646,Dallas,Hector,Street,181
16119,Denver,Wenyen,Clinton-Dix,213
45511,Denver,John,Williams,213
45689,Denver,Glenn,Sosa,232
15101,Green Bay,Roy,Mejia,201
15345,Green Bay,Kyle,Jenkins,299
19984,Green Bay,Ro'Derrick,Billings,176
16577,Houston,Curtis,Wright,293
20008,Indianapolis,Trey,Garcia,228
16370,Jacksonville,Noah,Pressly,284
15011,Kansas City,Yasiel,Jones,228
15318,Kansas City,Dean,Leary,198
16604,Las Vegas,Julius,Dunbar,298
10409,LA Rams,Matt,Mathis,191
15183,LA Rams,Glover,Evans,217
50115,LA Rams,Edward,Rivera,188
14993,Miami,Brandon,Anderson,184
15383,Miami,Arthur,Leathersich,191
15619,Miami,Cesar,Reed,194
16353,Miami,Pierre,Mantiply,189
19983,Miami,Tavarres,Washington,212
15386,Arizona,Dan,Johnson,242
15164,Minnesota,Elfrid,Worley,200
10155,Indianapolis,Alex,Atkins,243
5149,LA Chargers,Steve,Webb,236
15323,New England,Kevin,Smith,196
15398,New England,Zach,Lundblade,264
16328,New England,Eddie,Russell,193
15182,Miami,DeVante,Mizzell,243
10068,New Orleans,Hakeem,Judd,234
20098,New Orleans,Aaron,Pazos,282
15023,NY Jets,Andrew,Freitas,225
15155,NY Jets,Tyler,Love,284
15195,NY Jets,Ramik,Harris,212
16829,NY Jets,Luis,Bourjos,211
20523,NY Jets,Devin,Shepherd,287
11089,NY Giants,David,Whitesell,193
15380,NY Giants,Cordrea,Kaczmarski,241
10034,Philadelphia,Sherman,Cobbs,225
16062,Philadelphia,Jon,Redmond,292
19994,Philadelphia,Jacob,Myers,239
20212,Philadelphia,Chris,McRae,193
10318,Pittsburgh,Trenton,Williams,310
10493,Pittsburgh,Tim,Keller,185
15036,Pittsburgh,Michael,Scales,304
10374,San Francisco,Jester,Soroka,212
16244,San Francisco,Steven,Edwards,275
17142,Tennessee,Blake,Arcia,216
10035,Washington,Yohan,Moore,230
15241,Washington,Tanner,Murray,211
16384,Washington,KC,Stinnie,213
16734,Washington,Drew,Floro,217
19972,Washington,Brad,Crow,194
16787,Arizona,Poona,Edwards,207
10425,Baltimore,Ito,Herrera,220
15177,Baltimore,Jaeden,Thames,217
22456,Baltimore,Chris,Bettis,186
14967,Buffalo,Weston,Shackelford,210
15127,Buffalo,Rick,Guerra,182
16752,Buffalo,Micah,Southward,191
20153,Buffalo,Niles,Seamster,178
15094,Carolina,Cobi,Tulowitzki,292
5787,Chicago,Jon,Cracraft,229
15476,Chicago,Jonathan,Watson,200
15009,Cincinnati,Andre,Brignac,239
15236,Cincinnati,Antonio,Toomer,211
15371,Cincinnati,Jonathan,Anderson,291
15384,Cincinnati,KeShun,Perez,225
15299,Cleveland,Andre,Bell,190
15105,Dallas,Anthony,Brown,246
15901,Denver,Christian,Colon,189
45462,Denver,Andrew,Perkins,224
15297,Detroit,Chris,Quintanilla,293
15161,Green Bay,David,Nelson,193
20178,Green Bay,Darius,Hernandez,196
15100,Houston,Pat,Walker,272
15624,Houston,Peter,Richardson,170
15983,Houston,Chad,Lopez,195
17680,Houston,Isaiah,Tonyan,292
20369,Houston,Akrum,Howard,189
12488,Indianapolis,Mike,Witherspoon,296
15055,Indianapolis,Kelly,Jarwin,228
15109,Indianapolis,Ethan,Diaz,288
15601,Indianapolis,Pascal,Kieschnick,192
20042,Indianapolis,Justin,Hernandez,193
15047,Kansas City,Cody,Jordan,284
20021,Kansas City,Dario,Daniel,198
20356,Kansas City,Robert,Tartt,294
10329,Las Vegas,Jeremy,McNitt,221
10113,LA Chargers,Derrick,Vasquez,235
15044,Miami,Caleb,Collins,191
15344,New England,Andy,Martin,189
16599,New England,Chaz,Tuivailala,190
15755,New Orleans,Shohei,Cueto,190
22701,New Orleans,Oswaldo,Woods,293
15240,NY Jets,Kendrick,Mateo,259
16591,NY Jets,Daniel,Hemingway,295
15042,NY Giants,Jon,Walters,276
10401,Seattle,Frank,Robinson,220
15584,Seattle,Travis,Fatu,293
15660,Seattle,Tevin,Griffin III,192
16285,Tampa Bay,Ivan,Hector,311
16460,Tampa Bay,Aaron,Marshall,290
19975,Tampa Bay,Malcolm,Williams,195
10326,Tennessee,Drew,Evans,218
15013,Washington,Johnny,Wentz,192
10287,Arizona,Mike,LeVert,292
15054,Arizona,Ricardo,Kershaw,229
15138,Arizona,Kwon,Wilson,188
20167,Atlanta,Doug,Murray,187
11449,Baltimore,Dallas,Maulet,196
15283,Buffalo,Trevor,Gentry,231
10346,Carolina,Justice,Thomas,247
16030,Carolina,Shohei,Flande,191
63775,Carolina,Michael,Jones,206
15342,Chicago,Tyler,Pivetta,223
16168,Chicago,Colby,Hassenauer,192
11209,Cincinnati,Marquel,Gott,241
16202,Cincinnati,Darren,Evans,197
16430,Cincinnati,Ariel,Pyke,201
63607,Cincinnati,Leonid,Nieto,178
15443,Cleveland,Tyler,Adams,289
16010,Detroit,Ryan,Romine,192
19992,Green Bay,Bryn,Bushrod,289
16325,Indianapolis,Boban,Donahue,310
16137,Jacksonville,Dalton,Miley,286
19977,Jacksonville,Francisco,Escalona,186
20227,Jacksonville,Austin,Pena,205
11767,Las Vegas,Mike,Campbell,204
15257,Las Vegas,Darius,Bell,192
15030,LA Rams,Tomas,Baez,293
15760,LA Rams,Dorren,Fuller,290
16045,Miami,Kevin,Casilla,269
15642,Minnesota,Bennie,Daniels,282
15194,New England,Justin,Irwin,297
15296,New England,Nick,Conner,190
16535,New England,Gorgui,Liggins,291
15174,Arizona,Yacksel,Redmond,236
17216,New Orleans,Dario,Armstead,213
21652,New Orleans,Blaine,Hughes,187
16184,Las Vegas,Joakim,Negron,239
15360,NY Giants,Troy,Young,203
15387,NY Giants,Craig,Thomas,222
15400,NY Giants,Wilton,Longa,292
15202,Minnesota,Scott,Franco,247
20045,Philadelphia,Mike,Putnam,198
15179,Pittsburgh,Rafael,Miller,176
16468,Pittsburgh,Patrick,Thompson,202
16575,Pittsburgh,L.T.,Conklin,194
10356,Tampa Bay,Niko,Suarez,195
15052,Tampa Bay,Lamar,Pacheco,201
16373,Tampa Bay,Derek,Castillo,298
11582,Tennessee,Alfonzo,Cook,238
15407,Washington,Justin,Saffold,192
16297,Washington,Matt,Lewis,291
11351,Arizona,Chris,Snell,177
16671,Arizona,Austin,Brown,275
10336,Atlanta,Moises,Walker,196
15040,Atlanta,Rashaan,Wilkerson,243
15143,Atlanta,Alex,Smith,275
15158,Atlanta,Henry,Brown,222
15076,Buffalo,Daniel,Sanchez,300
10494,Cincinnati,Tyrell,Albies,300
15520,Cleveland,Tanner,Bradley,193
10338,Denver,Brandon,Campbell,242
15093,Denver,Sony,Ogletree,291
11569,Indianapolis,Zack,Robinson,237
15008,Indianapolis,Joey,Acklin,246
20030,Indianapolis,PJ,Davis,192
16084,Kansas City,Hroniss,Barnette,282
20026,Kansas City,Vince,Ascanio,200
20336,Kansas City,Shelvin,Thompson,191
5618,LA Rams,Cole,Jones,196
16695,Miami,Julius,Liberatore,192
15186,Minnesota,Greer,Daniels,230
15001,NY Jets,Nate,Tevi,193
15418,NY Jets,Reggie,Posey,196
15685,NY Jets,Ryan,Parmelee,179
15259,NY Giants,Tanner,Heston,252
15701,NY Giants,Stefen,Foster,194
16166,NY Giants,Eddie,Jensen,203
14996,Detroit,Josh,Thornton,239
18496,San Francisco,Kyle,Heisey,301
15806,Seattle,Aroldis,Rodgers,295
16248,Tampa Bay,Nate,Walker IV,183
10916,Arizona,Joel,Guerra,245
16127,Atlanta,Ben,Miller,285
19980,Atlanta,Henry,Gomes,244
20286,Atlanta,Blake,Su'a-Filo,227
15878,Baltimore,Leyson,Escobar,230
20236,Baltimore,Bam,Lamp,293
15314,Buffalo,Joe,Gotay,194
15872,Buffalo,Vince,Alford,195
15899,Chicago,Dario,Lindsay,194
16344,Chicago,Justin,Fields,305
20334,Cincinnati,Sean,Kirven,232
17779,Dallas,Josh,Kingham,211
16786,Houston,LaAdrian,Mitchell,292
24989,Houston,Weston,Steelhammer,264
21050,Indianapolis,Ross,Kaczmarski,305
21520,Indianapolis,Yefry,Ambriz,178
15006,Kansas City,Patrick,Hurst,228
15854,Las Vegas,Mat,Kazmir,200
20044,LA Rams,Frank,Okogie,188
15132,Minnesota,Luke,Leesman,198
15406,Minnesota,Dewayne,Dimick,223
16002,Minnesota,Steve,Stratton,213
15167,NY Jets,Cam,Atchison,276
16416,NY Jets,Marcelis,Jones,302
15181,NY Giants,Tommy,Garcia,200
15521,NY Giants,D.J.,Acosta,297
15500,Houston,Noel,Poole,245
10280,Philadelphia,Johnathan,Kling,234
15060,Pittsburgh,Daniel,Clarke,294
15715,Seattle,Omarius,Perry,208
15751,Seattle,Ricky,Marte,281
15884,Tampa Bay,Bam,Hunter,241
15735,Baltimore,Martin,Williams,194
16673,Baltimore,Albert,Falu,229
15210,Buffalo,Datone,Dozier,271
15917,Buffalo,Andrew,Woods,198
15589,Chicago,Josh,Graves,279
16246,Chicago,Oscar,Nicasio,314
62806,Cincinnati,Michael,Bonam,176
15706,Dallas,Marcus,Goeddel,197
16067,Dallas,Ryan,Jackson,302
17072,Dallas,Mike,Williams,220
20023,Dallas,Darius,Laguda,237
16077,Detroit,Connor,Gutierrez,235
18340,Houston,Cory,Christian,193
16406,Indianapolis,Everson,Cohen,290
21483,Las Vegas,Omar,Whalen,274
16003,Miami,Andy,Hart,227
16587,Minnesota,Caleb,Armenteros,191
20319,Minnesota,Channing,Marson,280
20043,New England,Mike,Vander Laan,193
16074,NY Jets,Malik,Oberg,282
20179,NY Jets,Anthony,Davison,192
10256,Philadelphia,Taylor,Armbrister,194
15605,Philadelphia,Sammy,Phillips,186
16061,Seattle,Mark,Rosario,195
20385,Seattle,Mike,Andrews,230
16235,Tennessee,Sean,Curtiss,193
20144,Tennessee,Bryse,Bogdanovic,179
62290,Tennessee,Thomas,Pursell,245
20264,Washington,Alex,Charles,193
11426,Arizona,Bobo,Sims,203
15152,Arizona,Mike,Coke,194
20134,Arizona,Tommy,Santiago,210
16471,Atlanta,Kristjan,Herrmann,180
15315,Baltimore,Quandre,Quintanilla,226
15858,Buffalo,Ameer,Hentges,273
21065,Denver,James,Bower,196
21611,Denver,Adonis,Killebrew,199
15606,Detroit,Adrian,Morris,280
16896,Houston,Malcolm,Thompson,295
16190,Indianapolis,Bruce,Williams,230
17641,Indianapolis,Jed,Frey,192
20254,LA Rams,Courtney,Mikell,234
20094,New England,Jon,Smith Jr.,174
15976,Seattle,Corey,Bosa,207
18214,Seattle,Jake,Neasman,232
15824,Tampa Bay,Adam,Rice,221
15848,Tampa Bay,Robert,Moxey,192
15495,NY Giants,Jonathan,Burke,230
15731,Chicago,Darwinzon,Lucroy,281
15992,Dallas,Mike,Littell,197
20185,Dallas,Darius,Evans,225
20341,Green Bay,Mike,Saric,247
20735,Houston,Byron,Dunbar,199
11181,LA Rams,Donnie,Jenkins,237
15745,Minnesota,John,Grant,282
20233,NY Giants,Terrence,Shittu,263
16126,Philadelphia,Randy,Romero,225
16422,Philadelphia,Justin,Marquez,247
20387,Philadelphia,Juan,Bembry,189
20345,Cincinnati,Julio,Hearn,238
16320,Dallas,Lou,Jackson,235
11505,Arizona,Cordrea,Hahn,227
16133,Arizona,Tim,Barr,233
20196,Baltimore,Riley,Doss,187
15995,Dallas,Ken,Toussaint,228
20074,Dallas,Vyncint,Miller,295
21026,Dallas,David,Santana,213
20339,Indianapolis,C.J.,Wang,173
20874,Las Vegas,Xavier,Sendejo,230
21569,New England,Trey,Cajuste,225
15307,NY Jets,David,Ponce de Leon,219
15786,NY Jets,Jordy,Breeland,186
20092,Seattle,Corey,Noteboom,242
20124,Seattle,Brad,Gonzalez,234
21186,Seattle,Ian,Thompson,297
16415,Tennessee,Oscar,Hand,249
20480,Dallas,B.J.,Diaz,238
15821,Buffalo,James,Gamboa,280
16355,Dallas,Omar,Payamps,200
20383,Dallas,Dean,Treadwell,243
15944,Las Vegas,Michael,Brown,287
16153,Miami,Christopher,Hathaway,226
16720,Tennessee,Trevor,Hauschka,248
21716,Dallas,Chris,Morgan,191
21216,Denver,Tyler,Miller,217
16106,Miami,Wilfredo,Smith,275
15864,Tennessee,Michael,Mata,222
20060,Buffalo,Jose,Holt,240
20071,Minnesota,Jarrett,Wimmers,224
16737,Dallas,Solomon,Lowe,293
20650,Atlanta,Reymin,Bormann,192
